Dataset,Model,Loss,Accuracy,F1,Precision,Recall
Swahili,mBERT,1.035670518875122,0.5828877005347594,0.4409011600427466,0.3731731483775081,0.5828877005347594
Portuguese,mBERT,1.078578233718872,0.17695248498088476,0.07955748699897909,0.35061491741878076,0.17695248498088476
Sesotho,mBERT,1.1983391046524048,0.17889908256880735,0.09348118234859724,0.06401103483672291,0.17889908256880735
