Dataset,Model,Loss,Accuracy,F1,Precision,Recall
Swahili,mBERT,1.0370368957519531,0.3462566844919786,0.27163049379117155,0.4474330719139062,0.3462566844919786
Portuguese,mBERT,1.078578233718872,0.17695248498088476,0.07955748699897909,0.35061491741878076,0.17695248498088476
Sesotho,mBERT,1.1983391046524048,0.17889908256880735,0.09348118234859724,0.06401103483672291,0.17889908256880735
